{"homing_surge_kp": 0.0, "transit_surge_kp": 8.108108108108109, "transit_yaw_kd": 0.0, "transit_sway_kp": 25.0, "transit_sway_ki": 0.0, "transit_sway_kd": 17.647058823529413, "transit_yaw_kp": 0.6046511627906976, "transit_surge_kd": 5.405405405405405, "homing_yaw_kp": 0.0, "transit_yaw_ki": 0.0, "transit_surge_ki": 0.0, "homing_surge_kd": 0.0}