{"homing_surge_kp": 0.6470588235294118, "transit_surge_kp": 1.864864864864865, "transit_yaw_kd": 0.0, "transit_sway_kp": 1.105263157894737, "transit_sway_ki": 1.225, "transit_sway_kd": 2.0, "transit_yaw_kp": 1.119047619047619, "transit_surge_kd": 1.2702702702702702, "homing_yaw_kp": 0.0, "transit_yaw_ki": 0.0, "transit_surge_ki": 0.0}